source_id,title,category,document_type,source_format,canonical_or_reference,owner,approver,status,confidentiality,platform_approval,markets,channels,applies_to,email_types,source_location,current_version,effective_from,effective_until,review_by,last_verified,volatility,authoritative_rank,contains_pii,contains_customer_data,exact_wording_required,paraphrase_allowed,conflicts_with,replaces,target_repository_path,ingestion_status,notes
SRC-001,Content style guide 2026,ux_writing,guide,pdf,canonical,Content Team,Content Team,approved,internal,unknown,ALL,email,shared,all,Uploaded PDF: Content style guide.pdf,2026.07,2026-07-14,,,2026-07-20,stable,2,no,no,mixed,mixed,,,src/knowledge/|src/workflows/|src/templates/,needs_cleaning,Canonical editorial source. Platform approval still requires internal confirmation.
SRC-002,Disclaimers and Risk Warnings - Single Source of Truth,compliance,policy,pdf,canonical,Compliance / Legal,Compliance / Legal,approved,internal,unknown,EU|ROW|UAE,email,shared,all,Uploaded PDF: Disclaimers and risk warning for emails.pdf,2026-07-20,,,,2026-07-20,semi_stable,1,no,no,yes,mixed,SRC-006,,src/compliance/|data/disclosures.csv,needs_cleaning,Highest-authority footer source. Loss percentages and entity wording require release-time verification.
SRC-003,Glossary - Deriv app,product,reference,pdf,reference,Product Content,Product Content,draft,internal,unknown,ALL,app|email,shared,product and platform terminology,Uploaded PDF: Glossary - Deriv app.pdf,2026-07-20,,,,2026-07-20,semi_stable,3,no,no,mixed,mixed,,,sources/extracted/|src/knowledge/glossary-usage-policy.md,needs_cleaning,Page 1 describes a definition-collection phase; blank and platform-specific cells remain.
SRC-004,Glossary - Deriv.com,product,reference,pdf,reference,Product Content,Product Content,unknown,internal,unknown,ROW|EU|UAE,web|email,shared,product and market terminology,Uploaded PDF: Glossary - Deriv.com.pdf,2026-07-20,,,,2026-07-20,semi_stable,3,no,no,mixed,mixed,,,sources/extracted/|src/knowledge/glossary-usage-policy.md,needs_cleaning,Definitions differ by market and some products are not available in EU.
SRC-005,Approved email - 20% bonus first deposit campaign,example,email_pack,pdf,example,Campaign team,Campaign / Compliance,approved,internal,unknown,ROW V2,email,marketing,promotional activation sequence,Uploaded PDF: Approved email - 20% bonus first deposit campaign.pdf,2026 campaign,,2026-04-01,,2026-07-20,task_specific,8,no,no,mixed,no,,,src/examples/marketing/,needs_cleaning,Campaign expired. Contains an explicit Don't use reminder and volatile market-led variants.
SRC-006,Approved email - Jeton awareness campaign,example,email_pack,pdf,example,Campaign team / PayOps,Campaign / Compliance,approved,internal,unknown,ROW|EU,email,marketing,payment-method cashback awareness,Uploaded PDF: Approved email - Jeton awareness campaign.pdf,unknown,,,,2026-07-20,task_specific,8,no,no,mixed,no,SRC-002,,src/examples/marketing/review-required/,needs_cleaning,"Title says 3% cashback; body says up to 5%. Historical EU footer says 75%, while current source says 74%."
SRC-007,Approved email - July activation campaign,example,email_pack,pdf,example,Partner campaign team,Campaign / Compliance,approved,internal,unknown,ROW,email|WhatsApp,marketing,partner activation,Uploaded PDF: Approved email - July activation campaign.pdf,July 2026,,2026-07-31,,2026-07-20,task_specific,8,no,no,mixed,no,,,src/examples/marketing/approved/,needs_cleaning,Time-limited partner example. Contains non-descriptive link wording that current style overrides.
SRC-008,Approved email - Tiering programme,example,email_pack,pdf,example,Partner team,Partner team / Compliance,approved,internal,unknown,ROW,email,marketing|transactional,partner lifecycle and rewards,Uploaded PDF: Approved email - Tiering program.pdf,2026,,,,2026-07-20,semi_stable,8,no,no,mixed,no,,,src/examples/marketing/approved/,needs_cleaning,"Use for lifecycle patterns only. Current thresholds, percentages, names, and payout rules require live confirmation."
SRC-009,Approved email - Tpaga awareness campaign,example,email_pack,pdf,example,PayOps,Campaign / Compliance,approved,internal,unknown,CO,email,marketing,payment-method awareness,Uploaded PDF: Approved email - Tpaga awareness campaign.pdf,unknown,,,,2026-07-20,task_specific,8,no,no,mixed,no,,,src/examples/marketing/approved/,needs_cleaning,Colombia only; English and Spanish requested. Interface steps and payment claims require current verification.
